ODOMETRY,0.1006923927,0.1000728452,0.0001713929
SENSOR,1,1.8964538142,0.3740318857
SENSOR,2,3.8536775111,1.5195101794
ODOMETRY,0.0993660353,0.0999680211,-0.0002413415
SENSOR,1,1.8392269046,0.2480256551
SENSOR,2,3.9138735511,1.397267075
ODOMETRY,0.0997056656,0.0998689792,-0.0006303852
SENSOR,1,1.9524299822,0.1903849495
SENSOR,2,3.9957262369,1.2373574853
ODOMETRY,0.1005429227,0.0999857089,-0.0002892237
SENSOR,1,1.7943836963,0.0927032589
SENSOR,2,3.7830881737,1.1998562614
ODOMETRY,0.0991669378,0.1000142517,-0.0002138683
SENSOR,1,1.8943383986,0.0496169617
SENSOR,2,3.9809502281,1.1808537684
ODOMETRY,0.0987800698,0.1000515118,0.0010530626
SENSOR,1,1.6269030485,-0.1759354001
SENSOR,2,3.7399532739,1.1230389197
ODOMETRY,0.0999897109,0.099978889,0.0010848748
SENSOR,1,1.4698006563,-0.3114401251
SENSOR,2,4.0436888912,0.949988562
ODOMETRY,0.0995939037,0.0997722121,7.30021435545E-06
SENSOR,1,1.3626892288,-0.3526157886
SENSOR,2,3.7536824135,0.933090164
ODOMETRY,0.1001269468,0.0996775968,0.0011321623
SENSOR,8,4.9406120763,-0.3018465859
SENSOR,1,1.2816275262,-0.4354988896
SENSOR,2,3.6762490084,0.8379715226
ODOMETRY,0.1019331311,0.1000354514,0.0002375284
SENSOR,8,4.8644325839,-0.41031892
SENSOR,1,1.3539631465,-0.6182765137
SENSOR,2,3.5207505221,0.7132859946
ODOMETRY,0.0995249967,0.0999629035,-0.0003109355
SENSOR,8,4.7095727021,-0.6051774316
SENSOR,1,1.2172985323,-0.7101252226
SENSOR,2,3.5519962409,0.7674515032
ODOMETRY,0.0504340513,0.0999963768,3.034632107E-05
SENSOR,8,4.6614072116,-0.5756099493
SENSOR,1,0.9155571859,-0.954555561
SENSOR,2,3.6129460818,0.696680092
ODOMETRY,0.0988725702,0.0997438336,-0.0001076462
SENSOR,8,4.4861643014,-0.7488540786
SENSOR,1,1.1388903943,-1.065047509
SENSOR,2,3.3492634241,0.6396245282
ODOMETRY,0.0999651423,0.0999079812,-0.0003769567
SENSOR,8,4.5890642201,-0.8757996949
SENSOR,1,0.9158253844,-1.1729913476
SENSOR,2,3.4111657018,0.4555349046
ODOMETRY,0.0982956875,0.0997272519,0.0004051454
SENSOR,8,4.6127543193,-1.0303678925
SENSOR,1,0.8878237252,-1.436348644
SENSOR,2,3.1775499698,0.4115462094
ODOMETRY,0.0992139919,0.1001825918,0.0004545797
SENSOR,8,4.4665094912,-1.143368403
SENSOR,1,1.0096130942,-1.6874763441
SENSOR,2,3.0690156044,0.3206220359
ODOMETRY,0.0003153142,0.0998585257,0.0002864523
SENSOR,8,4.4320871737,-1.0610601903
SENSOR,1,1.0274799306,-1.6287301158
SENSOR,2,2.8790364606,0.3152644219
ODOMETRY,-0.0010687034,0.0999752199,0.0006071265
SENSOR,8,4.2495436643,-1.1841449014
SENSOR,1,1.0789474577,-1.7316119623
SENSOR,2,2.9691577518,0.3504340566
ODOMETRY,0.0001131708,0.0999200496,-0.0001043703
SENSOR,8,4.4436154365,-1.1567860827
SENSOR,1,1.0854560163,-1.9335840118
SENSOR,2,2.8319434588,0.3978406889
ODOMETRY,-0.0011052804,0.1000646784,0.000405492
SENSOR,8,4.2700897498,-1.1318920931
SENSOR,1,1.192443347,-1.9868746109
SENSOR,2,2.6732641421,0.3773710642
ODOMETRY,0.0002078897,0.1001125084,8.9460271268E-05
SENSOR,8,4.0514887124,-1.192494559
SENSOR,1,1.2546364469,-2.0677479105
SENSOR,2,2.6189116386,0.3821881613
ODOMETRY,-0.0004816335,0.0999245158,-0.0001534219
SENSOR,8,4.1641009161,-1.2481156279
SENSOR,1,1.3455741139,-2.1298609431
SENSOR,2,2.576292846,0.4278463554
ODOMETRY,0.0010443427,0.0998505309,0.0003958861
SENSOR,8,4.2288203682,-1.1641076378
SENSOR,1,1.1604171254,-2.2372307357
SENSOR,2,2.4099999031,0.54451525
ODOMETRY,-0.0001347869,0.1001037663,-5.23313851368E-05
SENSOR,8,4.2128614474,-1.309222805
SENSOR,1,1.3797514396,-2.2852149544
SENSOR,2,2.3410096082,0.4477951927
ODOMETRY,-0.0005362674,0.0998612855,-0.0015500004
SENSOR,8,3.9237606331,-1.3171984176
SENSOR,1,1.4037919169,-2.2948608953
SENSOR,2,1.9941362704,0.5321886488
ODOMETRY,0.0007255902,0.1000995441,-0.0005021925
SENSOR,8,4.0484872746,-1.3276142716
SENSOR,1,1.3937465734,-2.3494016195
SENSOR,2,2.1045600086,0.4607691172
SENSOR,7,5.0549002333,-0.9352913623
ODOMETRY,0.0001678141,0.1001280961,-0.0010135684
SENSOR,8,4.0999020621,-1.3003798587
SENSOR,1,1.3898079915,-2.3995651264
SENSOR,2,1.9335103407,0.5197819692
SENSOR,3,4.8958229682,-0.1679518306
SENSOR,7,5.0329492404,-0.8588090472
ODOMETRY,-0.0003252719,0.0999120664,4.12721211267E-05
SENSOR,8,3.9785203402,-1.2868743969
SENSOR,1,1.8339661764,-2.4027937719
SENSOR,2,1.838099667,0.5497214582
SENSOR,3,4.7567192667,-0.2228184724
SENSOR,7,4.7658342364,-1.0138701556
ODOMETRY,-0.0003189515,0.1000724895,0.0003602733
SENSOR,8,4.0968451891,-1.5055335609
SENSOR,1,1.6145663518,-2.4102369394
SENSOR,2,2.0774174382,0.5513044846
SENSOR,3,4.7923125226,-0.1604281837
SENSOR,7,4.899977438,-0.8018805032
ODOMETRY,-0.0004410996,0.0999548284,-0.0006060001
SENSOR,8,4.1348870749,-1.5099500101
SENSOR,1,1.6748505699,-2.549936782
SENSOR,2,1.8439468921,0.7122808762
SENSOR,3,4.7431292951,-0.2881878945
SENSOR,7,4.7499193789,-0.9822025125
ODOMETRY,0.0002652046,0.0999448321,-0.0001556308
SENSOR,8,4.2325470222,-1.4899281092
SENSOR,1,1.7794202286,-2.5112441192
SENSOR,2,1.6332628308,0.655588363
SENSOR,3,4.4785261994,-0.1751891639
SENSOR,7,4.6791054137,-0.9713225807
ODOMETRY,-0.0006970933,0.0999115805,8.07338228751E-05
SENSOR,8,4.0255665661,-1.4947338814
SENSOR,1,1.8650712265,-2.5154022364
SENSOR,2,1.6482668734,0.6962978737
SENSOR,3,4.4757846249,-0.1111961495
SENSOR,7,4.5904548915,-1.0987037299
ODOMETRY,0.0002539362,0.0999287505,-0.0007660339
SENSOR,8,4.018648993,-1.4683250506
SENSOR,1,1.9873047135,-2.5963853113
SENSOR,2,1.650006794,0.7352319822
SENSOR,3,4.4456312073,-0.2041208265
SENSOR,7,4.351765449,-1.1232696699
ODOMETRY,0.0003257308,0.1001137388,0.0001008283
SENSOR,8,4.050376263,-1.5677164184
SENSOR,1,2.2026773879,-2.5587230271
SENSOR,2,1.4894497074,0.6952349883
SENSOR,3,4.3293444472,-0.2422116747
SENSOR,7,4.6259061144,-1.1305125128
ODOMETRY,0.0005999827,0.0999026506,0.0003452905
SENSOR,8,4.066012501,-1.5359081852
SENSOR,1,2.2192445659,-2.685072797
SENSOR,2,1.4297063301,0.7763242003
SENSOR,3,4.1202973687,-0.1873709332
SENSOR,7,4.596766822,-1.0571935845
ODOMETRY,0.000491941,0.0999972503,0.0002410608
SENSOR,8,3.9822490955,-1.5902142314
SENSOR,1,2.221886685,-2.657304937
SENSOR,2,1.4587398429,0.8498255122
SENSOR,3,4.0880790147,-0.2278428986
SENSOR,7,4.553449781,-1.1209637088
ODOMETRY,-0.0005294779,0.0999233619,-0.0003506276
SENSOR,8,4.0124048472,-1.4918550918
SENSOR,1,2.5324946556,-2.7550361831
SENSOR,2,1.249871194,0.8870050416
SENSOR,3,3.8881702907,-0.2289450189
SENSOR,7,4.3404165778,-1.1532308844
ODOMETRY,-0.0003681793,0.1000135789,7.1232280884E-06
SENSOR,8,3.8975286381,-1.6984750202
SENSOR,1,2.3723395166,-2.7410432786
SENSOR,2,1.1332590282,0.9578458315
SENSOR,3,3.9692309262,-0.2013058173
SENSOR,7,4.2772355531,-1.1896428567
ODOMETRY,0.0001762654,0.1001824313,0.0001300801
SENSOR,8,4.0962645655,-1.5881761953
SENSOR,1,2.6766738685,-2.7865320171
SENSOR,2,1.3625225214,1.1134057671
SENSOR,3,3.7727489085,-0.240313338
SENSOR,7,4.2713905644,-1.1274379388
ODOMETRY,-8.9695363591E-05,0.0999125332,-0.0006355498
SENSOR,8,4.0881234057,-1.7786793668
SENSOR,1,2.4870599398,-2.734315726
SENSOR,2,1.2020692304,1.1055769668
SENSOR,3,3.7286450052,-0.2003841397
SENSOR,7,4.2618681899,-1.2301503852
ODOMETRY,0.0002429031,0.099983646,0.0003034002
SENSOR,8,4.1454334513,-1.7441426502
SENSOR,1,2.8239260571,-2.738589331
SENSOR,2,1.1404476844,1.1554891918
SENSOR,3,3.5777807458,-0.2595029177
SENSOR,7,4.3634440484,-1.2289775981
ODOMETRY,-0.0001660447,0.100011763,5.36758260227E-05
SENSOR,8,4.0978468027,-1.6841219827
SENSOR,1,2.9033040068,-2.7508377549
SENSOR,2,1.0470175179,1.2703614604
SENSOR,3,3.2338653165,-0.2418177371
SENSOR,7,4.0811600557,-1.1938268994
ODOMETRY,0.0003846081,0.1000207724,-0.0003612423
SENSOR,8,3.9782189319,-1.7049289527
SENSOR,1,2.877276994,-2.8565337751
SENSOR,2,1.1329308005,1.2868475692
SENSOR,3,3.5904307575,-0.2646340378
SENSOR,7,4.1196922439,-1.2333308062
ODOMETRY,0.0010832065,0.0999046285,-0.0004574269
SENSOR,8,4.0157256575,-1.7090609573
SENSOR,1,3.11559823,-2.805262199
SENSOR,2,1.1206366561,1.5402641315
SENSOR,3,3.3117700452,-0.336869174
SENSOR,7,4.2505612925,-1.2860318398
ODOMETRY,-0.000576113,0.0999297831,-0.0002543503
SENSOR,8,3.9498231707,-1.7821005689
SENSOR,1,3.1761415987,-2.7688588811
SENSOR,2,0.9788295654,1.5815409432
SENSOR,3,3.3025054272,-0.2455864641
SENSOR,7,4.0770810699,-1.2647496026
ODOMETRY,0.0004311403,0.0999778945,0.0004609437
SENSOR,8,4.2655261819,-1.8293613401
SENSOR,1,3.3274705044,-2.9255609648
SENSOR,2,1.0560711967,1.6420691286
SENSOR,3,3.3159850827,-0.3011696143
SENSOR,7,3.9573154535,-1.3637289339
ODOMETRY,-0.0003800536,0.0999885252,-0.000382042
SENSOR,8,4.1529549197,-1.8815411614
SENSOR,1,3.1565453914,-2.9029995999
SENSOR,2,0.9335974982,1.7471917408
SENSOR,3,3.0297464202,-0.3411245529
SENSOR,7,4.2273746886,-1.3662020499
ODOMETRY,-0.0001186487,0.100013827,4.653072789E-05
SENSOR,8,4.1685562705,-1.8716724584
SENSOR,1,3.5197368718,-2.813286247
SENSOR,2,1.1004743028,1.8678432438
SENSOR,3,2.8898114636,-0.3420620116
SENSOR,7,3.9653185034,-1.4363916542
ODOMETRY,-4.47333974959E-05,0.0999327906,0.0003975107
SENSOR,8,4.0775467299,-1.7963758407
SENSOR,1,3.4211447669,-2.8334803953
SENSOR,2,1.1145291579,1.9333510194
SENSOR,3,2.9093712711,-0.3619804122
SENSOR,7,3.9604135874,-1.5084616176
ODOMETRY,-0.0006957642,0.1000634302,0.0005519716
SENSOR,8,4.1815310526,-1.9470548231
SENSOR,1,3.6490437993,-2.900684353
SENSOR,2,1.0441840949,2.0824681419
SENSOR,3,2.5891409765,-0.4078351384
SENSOR,7,3.9581412874,-1.4337496291
ODOMETRY,-0.0002274324,0.1001612659,-0.0002879067
SENSOR,8,4.1797936976,-1.9352423545
SENSOR,1,3.5924548137,-2.8581864064
SENSOR,2,1.3239337701,2.079580676
SENSOR,3,2.4797859667,-0.3850666019
SENSOR,7,4.0051216911,-1.452430103
ODOMETRY,0.0003465562,0.1000142471,-0.0004630323
SENSOR,8,4.1480690004,-1.8672800168
SENSOR,1,3.7292994434,-2.8433036632
SENSOR,2,1.2838070827,2.093828309
SENSOR,3,2.491459267,-0.36589563
SENSOR,7,4.011427659,-1.4271651697
ODOMETRY,-0.0005762828,0.099951559,-0.0003776391
SENSOR,8,4.2785728375,-1.9469506289
SENSOR,1,3.8546210954,-2.911958162
SENSOR,2,1.3835123674,2.3096930755
SENSOR,3,2.2413973001,-0.323370667
SENSOR,7,3.9307299649,-1.4559457553
ODOMETRY,-0.0006374548,0.1001001246,-0.0002957379
SENSOR,8,4.2121533327,-1.9439583395
SENSOR,1,3.9368327152,-2.8846858204
SENSOR,2,1.4927605084,2.3124585435
SENSOR,3,2.4054818991,-0.3679652441
SENSOR,7,4.0012307071,-1.4687699913
ODOMETRY,-0.0006434995,0.1000666775,0.0001089957
SENSOR,8,4.5792230366,-1.999684785
SENSOR,1,4.0580537314,-2.9363911385
SENSOR,2,1.7154898604,2.3379406034
SENSOR,3,1.9739934233,-0.3241729621
SENSOR,7,3.7795349529,-1.4892651522
ODOMETRY,-0.0006448778,0.1000916241,0.0002525762
SENSOR,8,4.4492943794,-1.9916328431
SENSOR,1,4.149643741,-2.8927385407
SENSOR,2,1.5640881514,2.439836503
SENSOR,3,2.2405265138,-0.4543629882
SENSOR,7,3.957819245,-1.550614062
ODOMETRY,4.43361007224E-05,0.0999804901,-0.0002936912
SENSOR,8,4.6338777841,-2.1096608795
SENSOR,1,4.3575796118,-2.8851085221
SENSOR,2,1.7568065497,2.4067625561
SENSOR,3,1.9958107044,-0.511959811
SENSOR,7,4.0135711711,-1.6256725452
ODOMETRY,-0.0002886585,0.100029674,-0.0002897809
SENSOR,8,4.4109728843,-2.0705016885
SENSOR,1,4.3909851227,-2.9323143272
SENSOR,2,1.7045649896,2.4477106844
SENSOR,3,1.9816530442,-0.4739464083
SENSOR,7,4.064541865,-1.6129969825
ODOMETRY,-0.000007467,0.0998138253,0.0001018417
SENSOR,8,4.5782927056,-2.1574283568
SENSOR,1,4.4610241313,-2.8891844344
SENSOR,2,1.7157781228,2.4724739352
SENSOR,3,1.8516899435,-0.5960416475
SENSOR,7,4.0425527489,-1.5614019803
ODOMETRY,-0.0001102074,0.100003735,-0.0002642375
SENSOR,8,4.6456155944,-2.157067754
SENSOR,1,4.4624472603,-2.9399041362
SENSOR,2,2.0234918471,2.5285449303
SENSOR,3,1.8515956227,-0.588222757
SENSOR,7,3.9163197641,-1.6130294139
ODOMETRY,-0.0002142203,0.10000878,-5.81033558743E-05
SENSOR,8,4.773192912,-2.052808881
SENSOR,1,4.5486582943,-2.9117189624
SENSOR,2,1.7717524534,2.621268644
SENSOR,3,1.7156077465,-0.5978282852
SENSOR,7,4.2023697089,-1.5926952557
ODOMETRY,0.0001072372,0.0998124644,-0.000689226
SENSOR,8,4.8039454444,-2.1171940981
SENSOR,1,4.8700751946,-2.8806272878
SENSOR,2,1.8683303417,2.6114281022
SENSOR,3,1.5291020697,-0.6395378344
SENSOR,7,4.1605868768,-1.6694596022
ODOMETRY,-7.90218244308E-05,0.100084714,-0.0005067957
SENSOR,8,4.7768708629,-2.2372965839
SENSOR,1,4.9875930429,-2.9599615903
SENSOR,2,2.0709348714,2.6073719939
SENSOR,3,1.6493432815,-0.6412854987
SENSOR,7,3.9004099794,-1.7854741694
ODOMETRY,0.0004704367,0.1000080413,-8.30695250725E-05
SENSOR,8,4.9046514894,-2.1736192668
SENSOR,1,5.125125619,-2.8700982324
SENSOR,2,2.2235144593,2.5639455719
SENSOR,3,1.2784437993,-0.6799648023
SENSOR,7,4.1472741659,-1.7373072103
ODOMETRY,-0.0004114606,0.0998783895,-0.0005584405
SENSOR,8,4.8377007152,-2.2444833775
SENSOR,9,4.8653440527,-0.8370771663
SENSOR,2,2.1791941685,2.6741872844
SENSOR,3,1.2822279893,-0.8042785477
SENSOR,7,4.0084256218,-1.7960711622
ODOMETRY,-0.0003755966,0.1001015677,2.58272227007E-05
SENSOR,8,5.0969823208,-2.2364218007
SENSOR,9,4.9292341398,-0.9533721561
SENSOR,2,2.332928422,2.713257566
SENSOR,3,1.3997051898,-0.7795393676
SENSOR,7,4.0850199441,-1.8212854813
ODOMETRY,0.0007359246,0.0999620237,0.0004510731
SENSOR,9,4.8275141842,-0.9298767736
SENSOR,2,2.4760100085,2.7439434248
SENSOR,3,1.3065438476,-0.8415105274
SENSOR,7,3.9685467478,-1.9130615457
ODOMETRY,-0.0001943639,0.0998614441,1.33622389656E-05
SENSOR,9,4.7362969472,-0.9057215747
SENSOR,2,2.4289451927,2.7285641636
SENSOR,3,1.1885608031,-0.9296049216
SENSOR,7,4.1137024434,-1.8317173828
ODOMETRY,-0.0003031801,0.0998957042,-0.000099642
SENSOR,9,4.7117050973,-1.0376619193
SENSOR,2,2.7504754128,2.7176383308
SENSOR,3,1.0701125132,-0.9639169374
SENSOR,7,4.0663563882,-1.8902868747
ODOMETRY,-8.44701534359E-05,0.0998733372,0.0003014207
SENSOR,9,4.6951639254,-0.9245295788
SENSOR,2,2.7247601168,2.7850154305
SENSOR,3,1.0470719671,-0.976795399
SENSOR,7,4.310490661,-1.9488318069
ODOMETRY,-2.07877244104E-05,0.1000082459,1.28264470998E-05
SENSOR,9,4.6041278382,-0.9550882577
SENSOR,2,2.8153793213,2.714853825
SENSOR,3,1.184967868,-1.1027265149
SENSOR,7,4.4362402962,-1.9204459057
ODOMETRY,-0.010054387,0.0998535621,-0.0199333466
SENSOR,9,4.4557715574,-1.0347495612
SENSOR,2,2.8212447722,2.7770932324
SENSOR,3,0.985411142,-1.1220221092
SENSOR,7,4.1398040034,-2.0037681491
ODOMETRY,-0.0109415815,0.0999047562,-0.0203040575
SENSOR,9,4.5337334008,-0.92114832
SENSOR,2,3.0623715462,2.82817919
SENSOR,3,1.0973241876,-1.171072559
SENSOR,7,4.1600017487,-1.8743019744
ODOMETRY,-0.0105067136,0.1001182833,-0.0198908927
SENSOR,9,4.5596843082,-0.9401853717
SENSOR,2,3.0797401372,2.9510402054
SENSOR,3,1.0157271128,-1.3346103623
SENSOR,7,4.2868849801,-1.9700446531
ODOMETRY,-0.0097766223,0.0997997896,-0.0207354128
SENSOR,9,4.2732370503,-1.0306335678
SENSOR,2,3.1548426034,2.9477508812
SENSOR,3,0.8971803402,-1.3229707645
SENSOR,7,4.3629999326,-1.914770218
ODOMETRY,-0.009783592,0.0998487796,-0.0198857199
SENSOR,9,4.2501171674,-1.0011949317
SENSOR,2,3.3758050109,2.9806533775
SENSOR,3,1.0731763445,-1.4727365305
SENSOR,7,4.4155034119,-1.9414905005
ODOMETRY,-0.0098571395,0.0999689917,-0.0181084314
SENSOR,9,4.0750301926,-0.9226818716
SENSOR,2,3.3780652142,3.0654246676
SENSOR,3,0.940232034,-1.5710820802
SENSOR,7,4.3087747521,-1.9042447809
ODOMETRY,-0.0100251236,0.1000265255,-0.0200350243
SENSOR,9,4.312804517,-0.882911595
SENSOR,2,3.2926917693,3.0757626003
SENSOR,3,0.849339608,-1.6708008731
SENSOR,7,4.6332853658,-1.7833912095
ODOMETRY,-0.0099121872,0.0999674564,-0.0202551579
SENSOR,9,4.1078867195,-0.8957111107
SENSOR,2,3.5391635498,3.0614975219
SENSOR,3,0.8252625467,-1.7675932665
SENSOR,7,4.5362195696,-1.7943442414
ODOMETRY,-0.0107748533,0.1000525684,-0.0192272515
SENSOR,9,4.1004970562,-0.851898017
SENSOR,2,3.7137297359,3.0823705295
SENSOR,3,0.9365033654,-1.8178575566
SENSOR,7,4.4257301761,-1.9547711432
ODOMETRY,-0.0112041079,0.1000708585,-0.0195753528
SENSOR,9,4.0167136922,-0.9418272805
SENSOR,2,3.807611852,3.2111162053
SENSOR,3,0.9420404364,-1.8184104871
SENSOR,7,4.3717000191,-1.8393715667
ODOMETRY,-0.010020184,0.0999780745,-0.0208659878
SENSOR,9,4.0104252221,-0.9337269788
SENSOR,2,3.8422874537,-3.0947817753
SENSOR,3,0.8970459946,-2.0000417878
SENSOR,7,4.4847023311,-1.8875750002
ODOMETRY,-0.0104413696,0.1000488236,-0.019901735
SENSOR,9,3.9397675868,-0.8531587045
SENSOR,2,3.8263773019,-3.1044429949
SENSOR,3,0.9841659427,-2.1309508882
SENSOR,7,4.4929326429,-1.8057592829
ODOMETRY,-0.0099913667,0.1000195543,-0.0195316146
SENSOR,9,3.7503829691,-0.8046348727
SENSOR,2,4.0023795681,-3.1066223724
SENSOR,3,1.1149766289,-1.9758469938
SENSOR,7,4.6619073409,-1.8343499433
ODOMETRY,-0.0101258078,0.0999535184,-0.0187252042
SENSOR,9,3.7461450281,-0.8810174746
SENSOR,2,4.0936323462,-3.0445286587
SENSOR,3,1.0034396864,-2.1057825677
SENSOR,7,4.5701548204,-1.8005862616
ODOMETRY,-0.0111455493,0.1000288262,-0.0202289204
SENSOR,9,3.92321862,-0.8288271377
SENSOR,2,4.1627841931,-3.1291735538
SENSOR,3,1.2430978996,-2.0936531384
SENSOR,7,4.7035950812,-1.7495520384
ODOMETRY,-0.0087088784,0.0999963292,-0.0208592167
SENSOR,9,3.4981482105,-0.7393985505
SENSOR,2,4.3778981217,-2.9291457921
SENSOR,3,1.2256449015,-2.2822809378
SENSOR,7,4.688132452,-1.8281173297
ODOMETRY,-0.0100769117,0.0996706689,-0.0197492756
SENSOR,9,3.5962258989,-0.8685750596
SENSOR,2,4.5644503924,-2.890340591
SENSOR,3,1.2711475518,-2.2084312124
SENSOR,7,4.5934778021,-1.8210395673
ODOMETRY,-0.009109174,0.0998548072,-0.0199381007
SENSOR,9,3.5574351751,-0.7265987795
SENSOR,2,4.5621675641,-2.8822228574
SENSOR,3,1.2661237508,-2.3017253396
SENSOR,7,4.9545910734,-1.7422927216
ODOMETRY,-0.0088836636,0.0999840822,-0.0208119959
SENSOR,9,3.4882384161,-0.8305637959
SENSOR,2,4.5524102528,-2.9005516819
SENSOR,3,1.3537705414,-2.3637424878
SENSOR,7,4.6871571312,-1.684577139
ODOMETRY,-0.0099837613,0.0997353983,-0.0200063904
SENSOR,9,3.2900229096,-0.8326708263
SENSOR,2,4.7264949593,-2.7823943074
SENSOR,3,1.6093932426,-2.306525861
SENSOR,7,4.7201760618,-1.7859901869
ODOMETRY,-0.0104071464,0.0999331068,-0.019762513
SENSOR,9,3.136089974,-0.7535145869
SENSOR,2,4.7512983864,-2.8526304107
SENSOR,3,1.6202785715,-2.2610421221
SENSOR,7,4.8223409345,-1.723872671
ODOMETRY,-0.009272969,0.0998721745,-0.021218786
SENSOR,9,3.0389730259,-0.6946357444
SENSOR,2,5.0047621812,-2.8429364104
SENSOR,3,1.534761493,-2.4031184795
SENSOR,7,4.8521346051,-1.7827532295
ODOMETRY,-0.0107631889,0.1000152938,-0.0192355093
SENSOR,9,3.1525572336,-0.5753569801
SENSOR,3,1.7359810035,-2.4209832797
SENSOR,7,4.8430730446,-1.6753407897
ODOMETRY,-0.0097013522,0.0999596511,-0.0197965646
SENSOR,9,3.1551407876,-0.713393721
SENSOR,3,1.7855963784,-2.4348655685
SENSOR,7,4.8462852774,-1.7810410406
ODOMETRY,-0.0090941258,0.1001165937,-0.0194326619
SENSOR,9,3.1308018211,-0.7982446516
SENSOR,3,1.950980417,-2.3797666324
SENSOR,7,4.8481628677,-1.7328935884
ODOMETRY,-0.0095276826,0.0998996333,-0.0189155199
SENSOR,9,2.8259563296,-0.7076767916
SENSOR,3,1.7208576031,-2.3073084839
SENSOR,7,4.8932837842,-1.7089993156
ODOMETRY,-0.0102645166,0.10001463,-0.0203664888
SENSOR,9,3.095764942,-0.7839086429
SENSOR,3,2.0071453269,-2.3911481383
SENSOR,7,5.0004700658,-1.7363468866
ODOMETRY,-0.0101183423,0.1003896529,-0.0198284163
SENSOR,9,2.6535067571,-0.6189177739
SENSOR,3,1.8655382295,-2.4333062069
SENSOR,7,4.8726553114,-1.6922470632
ODOMETRY,-0.0094619945,0.100091592,-0.0209413978
SENSOR,9,2.7145669855,-0.7533149077
SENSOR,3,2.0264046409,-2.3865785304
SENSOR,7,5.0013490372,-1.7032875741
ODOMETRY,-0.010306424,0.1000935516,-0.0197616448
SENSOR,9,2.8047558792,-0.7355889386
SENSOR,3,2.2373760905,-2.3822446277
SENSOR,7,4.9120779404,-1.6032389322
ODOMETRY,-0.0110657,0.0998532431,-0.0193811265
SENSOR,9,2.6288790746,-0.7128705977
SENSOR,3,2.2707014463,-2.2523917354
SENSOR,7,4.9931331952,-1.6584583781
ODOMETRY,-0.0107917328,0.1001926468,-0.0208555881
SENSOR,9,2.5307809903,-0.74576365
SENSOR,3,2.3732758729,-2.3848578564
SENSOR,7,4.8128971363,-1.6852203872
ODOMETRY,-0.0094398498,0.1001765988,-0.0195153146
SENSOR,9,2.3936907474,-0.6064574403
SENSOR,3,2.406822966,-2.4059164119
SENSOR,7,4.9787985398,-1.6816997271
ODOMETRY,-0.0099420923,0.1000401049,-0.0195398432
SENSOR,9,2.3007298307,-0.6917800225
SENSOR,3,2.4187628677,-2.4191302801
SENSOR,7,4.7889205315,-1.6347277786
ODOMETRY,-0.0108382878,0.100154315,-0.0206776654
SENSOR,9,2.2817719994,-0.7206831218
SENSOR,3,2.691154817,-2.4045249458
SENSOR,7,4.9382075893,-1.671944648
ODOMETRY,-0.0098313656,0.0998601737,-0.0199594451
SENSOR,9,2.1486706925,-0.7634488076
SENSOR,3,2.7000870618,-2.3434330714
SENSOR,7,5.0518428554,-1.6399728114
ODOMETRY,-0.0100819828,0.1000139102,-0.0192319156
SENSOR,9,2.1862128096,-0.7021508662
SENSOR,3,2.5019742681,-2.3530949135
SENSOR,7,5.0617199447,-1.5957076317
ODOMETRY,-0.0103533614,0.099846066,-0.0199640109
SENSOR,9,2.0991892727,-0.7689409024
SENSOR,3,2.8742784907,-2.4053426636
SENSOR,7,5.1203513362,-1.6246099441
ODOMETRY,-0.0103993333,0.1001764756,-0.0202705215
SENSOR,9,1.9104321926,-0.6871080576
SENSOR,3,2.8391627157,-2.3617321681
SENSOR,7,4.7745150816,-1.5851323708
ODOMETRY,-0.0099738776,0.1001535202,-0.0194411967
SENSOR,9,1.9860346483,-0.6983195743
SENSOR,3,2.9827959409,-2.4804809507
SENSOR,7,4.8008973339,-1.5606890037
ODOMETRY,-0.0095511745,0.1001391338,-0.0199318743
SENSOR,9,1.6954118368,-0.7364319257
SENSOR,3,3.0512217623,-2.3317613343
SENSOR,7,4.8326493077,-1.6191676559
ODOMETRY,-0.0102460193,0.1000146077,-0.0199645671
SENSOR,9,1.5528458875,-0.741789749
SENSOR,3,2.9807148789,-2.4011675962
SENSOR,7,5.0698670211,-1.5350889867
ODOMETRY,-0.00931335,0.0997900729,-0.0201690956
SENSOR,9,1.5047914916,-0.6643920314
SENSOR,3,3.2827263505,-2.2463382867
SENSOR,7,5.1342882353,-1.6015806159
ODOMETRY,-0.0095264718,0.100006985,-0.0198364904
SENSOR,9,1.3869982386,-0.7631162312
SENSOR,3,3.1266439125,-2.264967825
SENSOR,7,4.9945645639,-1.4933446391
ODOMETRY,-0.0096887588,0.1000318334,-0.0199866778
SENSOR,9,1.5445614599,-0.7853390415
SENSOR,3,3.324014488,-2.2940415732
SENSOR,7,5.129100701,-1.5667415986
ODOMETRY,-0.0101821007,0.1000988982,-0.0189718441
SENSOR,9,1.3084940136,-0.7929797304
SENSOR,3,3.352620714,-2.2935015936
SENSOR,7,4.9510365871,-1.5832363873
ODOMETRY,-0.010633935,0.0998976853,-0.0211712446
SENSOR,9,1.3521276486,-0.8173853848
SENSOR,3,3.2938615938,-2.2576026638
SENSOR,7,4.9940281718,-1.4607253184
ODOMETRY,-0.0098970329,0.0998918975,-0.0192888637
SENSOR,9,1.355008279,-0.7733348949
SENSOR,3,3.5639926025,-2.3673307461
SENSOR,7,4.6754666381,-1.4782094153
ODOMETRY,-0.0103008308,0.1000422332,-0.0203862559
SENSOR,9,1.1016871735,-0.7376501465
SENSOR,3,3.5694980196,-2.2011523925
SENSOR,7,4.8082376187,-1.4969971786
ODOMETRY,-0.0104826622,0.1002354709,-0.020032746
SENSOR,9,1.073012869,-0.8577047032
SENSOR,3,3.6089967384,-2.2925916978
SENSOR,7,5.0190782548,-1.4436192744
ODOMETRY,-0.0102222393,0.1001411825,-0.0207304954
SENSOR,9,1.1918117105,-0.7917395942
SENSOR,3,3.6956075745,-2.2818867739
SENSOR,7,4.8021355356,-1.3992792871
ODOMETRY,-0.0001711962,0.1001493093,-0.0013761316
SENSOR,9,0.9878453043,-1.0770030608
SENSOR,3,3.8925017375,-2.2091354377
SENSOR,6,4.8584449284,-0.4672683208
SENSOR,7,4.8478321436,-1.5136864022
ODOMETRY,0.0001939348,0.0999161177,0.0003550311
SENSOR,9,1.0118018045,-1.1031553828
SENSOR,3,3.9846263769,-2.3633392741
SENSOR,6,4.8767451279,-0.4957529084
SENSOR,7,5.0240178777,-1.5548756568
ODOMETRY,-0.0003205747,0.0999687182,-0.0001921038
SENSOR,9,0.9594768165,-1.1728982671
SENSOR,3,3.7952508873,-2.2634160015
SENSOR,6,4.7855429205,-0.3895814581
SENSOR,7,4.8986940039,-1.4439681888
ODOMETRY,-8.56755632007E-05,0.099882488,-0.0010181436
SENSOR,9,0.9169598595,-1.3347622362
SENSOR,3,4.0989411774,-2.3410162277
SENSOR,6,4.6303059308,-0.4704252537
SENSOR,7,4.858605548,-1.4863290567
ODOMETRY,-0.0001549006,0.100071858,0.0004893558
SENSOR,9,0.8545898548,-1.40262797
SENSOR,3,4.0719573841,-2.3307053878
SENSOR,6,4.4787632912,-0.4353311391
SENSOR,7,4.8051013779,-1.536373787
ODOMETRY,0.0004870026,0.1001375498,-0.0004448107
SENSOR,9,0.9231504106,-1.428161248
SENSOR,3,4.0828335184,-2.414131205
SENSOR,6,4.4422325745,-0.5194681283
SENSOR,7,4.9580926391,-1.5223578191
ODOMETRY,-0.0005627649,0.0999477264,0.0001269063
SENSOR,9,0.8158600128,-1.5978836185
SENSOR,3,4.1254362969,-2.4409530878
SENSOR,6,4.3354772382,-0.5151723825
SENSOR,7,4.8827166546,-1.6203907329
ODOMETRY,0.0003743394,0.0999534697,0.0002761688
SENSOR,9,0.8185054233,-1.7512630216
SENSOR,3,4.2657641438,-2.4825189237
SENSOR,6,4.267008775,-0.4755343026
SENSOR,7,5.0371117284,-1.6174495875
ODOMETRY,0.0003120073,0.099893497,-0.0002207763
SENSOR,9,0.749678437,-1.8379161376
SENSOR,3,4.3459945378,-2.4347384106
SENSOR,6,4.1162949549,-0.4617993026
SENSOR,7,4.8216525007,-1.6570809722
ODOMETRY,0.0002680884,0.1000557808,-0.0006851026
SENSOR,9,0.9304383981,-1.965422304
SENSOR,3,4.2335785589,-2.4067866456
SENSOR,6,4.0846095538,-0.4939433558
SENSOR,7,4.6233502026,-1.6198612625
ODOMETRY,-0.0002291717,0.0998870397,0.0005701278
SENSOR,9,1.1557937404,-1.9959064983
SENSOR,3,4.589715741,-2.5077274533
SENSOR,6,4.0303280699,-0.4547734445
SENSOR,7,4.7694390749,-1.7362823948
ODOMETRY,-0.0008931558,0.0999954851,-7.53327138877E-05
SENSOR,9,1.0370836065,-2.1889183236
SENSOR,3,4.4210632764,-2.5323287436
SENSOR,6,4.0414411879,-0.522891224
SENSOR,7,5.0445408621,-1.7410244059
ODOMETRY,0.0003247855,0.0998707428,-0.0005305444
SENSOR,9,1.0922203895,-2.1733416027
SENSOR,3,4.4714506953,-2.488433725
SENSOR,6,3.8535055215,-0.5658796664
SENSOR,7,5.0237310632,-1.6885239765
ODOMETRY,-0.0009596591,0.1000315552,0.0001684985
SENSOR,9,1.1638188097,-2.2270506456
SENSOR,3,4.9037267676,-2.4438255994
SENSOR,6,3.9709543054,-0.4511933671
SENSOR,7,4.9726890165,-1.6445168633
ODOMETRY,0.0001515438,0.0999766757,0.0006477873
SENSOR,9,1.1440309834,-2.408313249
SENSOR,3,4.8296716689,-2.5382078888
SENSOR,6,3.762508148,-0.4864426305
SENSOR,7,4.9151806765,-1.7108938148
ODOMETRY,0.0001047146,0.0998108754,0.000004949
SENSOR,9,1.3582423697,-2.4292186546
SENSOR,3,4.9347049681,-2.5282012579
SENSOR,6,3.655790014,-0.5471852891
SENSOR,7,4.721940532,-1.7372473754
ODOMETRY,-0.0001835624,0.0999467062,0.0005376345
SENSOR,9,1.376175368,-2.507934817
SENSOR,3,4.8982983784,-2.5500477589
SENSOR,6,3.5929564637,-0.6171057098
SENSOR,7,4.7323361283,-1.8033846298
ODOMETRY,0.000109986,0.0999176327,0.0002868354
SENSOR,9,1.5170432795,-2.447600661
SENSOR,6,3.465121602,-0.6766688551
ODOMETRY,-0.0002968794,0.0998965112,0.0002437389
SENSOR,9,1.5741492249,-2.4944474709
SENSOR,6,3.3137966496,-0.5994078649
ODOMETRY,-0.0003675598,0.0999056718,0.0002703979
SENSOR,9,1.5727811676,-2.5422951355
SENSOR,6,3.3450412797,-0.607810221
ODOMETRY,-0.010332482,0.100023765,-0.0207691198
SENSOR,9,1.6246032233,-2.5735714824
SENSOR,6,3.2003915053,-0.5994106745
ODOMETRY,-0.0100473024,0.1001037211,-0.0195291534
SENSOR,9,1.9325889798,-2.5626398066
SENSOR,6,3.0762689566,-0.5890703302
ODOMETRY,-0.0106017975,0.1001525017,-0.020233654
SENSOR,9,1.7311655545,-2.6068882712
SENSOR,6,2.998842465,-0.6354755499
ODOMETRY,-0.0105082674,0.0999199959,-0.019474616
SENSOR,9,1.9560758552,-2.5834772794
SENSOR,6,3.060075843,-0.6692917258
ODOMETRY,-0.0097195157,0.0999399183,-0.0197799726
SENSOR,9,2.0664678475,-2.5405446464
SENSOR,6,2.7260947492,-0.5814510789
ODOMETRY,-0.0102679152,0.0998120604,-0.0197641102
SENSOR,9,2.2049564291,-2.5960528109
SENSOR,6,2.8654997443,-0.5961137755
ODOMETRY,-0.0095319748,0.099985651,-0.0186412892
SENSOR,9,2.3151951598,-2.4597283392
SENSOR,6,2.6834411506,-0.5985320157
ODOMETRY,-0.0105828647,0.0998638926,-0.0185970949
SENSOR,9,2.1232749547,-2.4586567978
SENSOR,6,2.7902488617,-0.566014416
ODOMETRY,-0.0091245314,0.0997250594,-0.0207414841
SENSOR,9,2.444523405,-2.5241415029
SENSOR,6,2.4401081968,-0.5650336828
ODOMETRY,-0.0103400073,0.1000131282,-0.0204755862
SENSOR,9,2.4262226696,-2.5392156227
SENSOR,6,2.3889440368,-0.4449609536
ODOMETRY,-0.0091018612,0.0998950148,-0.0198744885
SENSOR,9,2.5476479116,-2.638098412
SENSOR,6,2.1944463248,-0.5104862143
ODOMETRY,-0.0103211461,0.0999844693,-0.0194831672
SENSOR,9,2.5987951121,-2.4870719099
SENSOR,6,2.249928244,-0.4932659188
ODOMETRY,-0.0103571897,0.0999434634,-0.0212360508
SENSOR,9,2.5510335287,-2.5240672577
SENSOR,6,2.0739702811,-0.5088282932
ODOMETRY,-0.0099590075,0.1001164806,-0.0197261986
SENSOR,9,2.6513213138,-2.4686072247
SENSOR,6,2.1402616196,-0.4521908972
ODOMETRY,-0.0107977997,0.1000506088,-0.019842812
SENSOR,9,2.8188873168,-2.5213669695
SENSOR,6,2.0920662587,-0.4354556472
ODOMETRY,-0.0097427077,0.1001841124,-0.0199341893
SENSOR,9,2.9727843804,-2.479914286
SENSOR,6,1.9688119625,-0.422209249
ODOMETRY,-0.0098806985,0.0998335369,-0.0205842283
SENSOR,9,2.8585085211,-2.4159831375
SENSOR,5,4.9384939641,-0.6192777482
SENSOR,6,1.7476143839,-0.5985901549
ODOMETRY,-0.0110410417,0.0999838017,-0.0203707919
SENSOR,9,3.1500854275,-2.3706460954
SENSOR,5,4.9080897842,-0.5145417635
SENSOR,6,1.8920868587,-0.4533395783
ODOMETRY,-0.0100139549,0.1000604502,-0.0207207182
SENSOR,9,3.0981897808,-2.5072612697
SENSOR,5,4.7732977045,-0.615434512
SENSOR,6,1.6057550071,-0.4057132354
ODOMETRY,-0.0094667884,0.0999459687,-0.0204541351
SENSOR,9,3.4551998719,-2.4844448235
SENSOR,5,4.7096490779,-0.6118076242
SENSOR,6,1.5914319473,-0.4808179033
ODOMETRY,-0.0101056362,0.1000067526,-0.0201734938
SENSOR,9,3.2425818388,-2.4733469867
SENSOR,5,4.7372130576,-0.5867895282
SENSOR,6,1.43490365,-0.5019784144
ODOMETRY,-0.0096240116,0.1000445695,-0.0195992387
SENSOR,9,3.3432289407,-2.435007526
SENSOR,5,4.4551528994,-0.4854371836
SENSOR,6,1.4661593833,-0.4833373304
ODOMETRY,-0.0106193826,0.0998093412,-0.0195731691
SENSOR,9,3.4891145499,-2.4104089021
SENSOR,5,4.3730750672,-0.5463591655
SENSOR,6,1.3533865434,-0.4933571334
ODOMETRY,-0.0102706972,0.1001036134,-0.019854696
SENSOR,9,3.5002572575,-2.421061588
SENSOR,5,4.3780187903,-0.5062837033
SENSOR,6,1.1370730422,-0.4701774992
ODOMETRY,-0.0093990676,0.0999915818,-0.0210229702
SENSOR,9,3.5466493959,-2.4413741162
SENSOR,5,4.2701701708,-0.5393538158
SENSOR,6,1.2309347698,-0.5618874189
ODOMETRY,-0.0101157137,0.1000961712,-0.0198023969
SENSOR,9,3.8135587632,-2.3809653459
SENSOR,5,4.2298847841,-0.5546966544
SENSOR,6,1.062038241,-0.5184355571
ODOMETRY,-0.0100490993,0.099983013,-0.018372175
SENSOR,9,3.82081326,-2.412251506
SENSOR,5,4.0247027427,-0.362680492
SENSOR,6,1.097026908,-0.5208301826
ODOMETRY,-0.0104499139,0.0998488149,-0.0199884996
SENSOR,9,3.9412668004,-2.3242905959
SENSOR,5,3.8239061041,-0.4308933398
SENSOR,6,0.8270372067,-0.5330984013
ODOMETRY,-0.0105257221,0.1001112995,-0.0188815785
SENSOR,9,4.0436738876,-2.4107974922
SENSOR,5,3.9363793953,-0.4488637881
SENSOR,6,1.0013990751,-0.6363372777
ODOMETRY,-0.0098676194,0.1000298264,-0.0201637733
SENSOR,9,4.0786079251,-2.2791971282
SENSOR,5,3.8072799324,-0.373263933
SENSOR,6,0.6276894706,-0.6762363354
ODOMETRY,-0.0097773594,0.0999482967,-0.0200217474
SENSOR,9,4.176313176,-2.3612012949
SENSOR,5,3.7372020285,-0.4913954329
SENSOR,6,0.4488594452,-0.7635077645
ODOMETRY,-0.0105928118,0.0998350233,-0.0202062649
SENSOR,9,4.1016349924,-2.2630613479
SENSOR,5,3.7269216631,-0.3685598666
SENSOR,6,0.6877505298,-0.7757940404
ODOMETRY,-0.0101497938,0.0999437522,-0.020595417
SENSOR,9,4.1649618249,-2.3600500751
SENSOR,5,3.5421738674,-0.4100555683
SENSOR,6,0.4974103708,-0.8760534532
ODOMETRY,-0.0099135833,0.0998829428,-0.0195488368
SENSOR,9,4.3808528002,-2.2513748385
SENSOR,5,3.4597754383,-0.3059529647
SENSOR,6,0.4486942273,-1.033298714
ODOMETRY,-0.0098737238,0.1001571576,-0.0201931507
SENSOR,9,4.4026314114,-2.3168443811
SENSOR,5,3.2821228719,-0.3491459763
SENSOR,6,0.4360352526,-1.2162367447
ODOMETRY,-0.0096327724,0.1001525312,-0.0208028621
SENSOR,9,4.4400627685,-2.2588377794
SENSOR,5,3.3497330431,-0.3418590904
SENSOR,6,0.3111755541,-1.5566717619
ODOMETRY,-0.0103250704,0.1000409738,-0.0196991123
SENSOR,9,4.5281687487,-2.2942901447
SENSOR,5,3.2198547727,-0.2235259294
SENSOR,6,0.4366687931,-1.7717008551
ODOMETRY,-0.0101619348,0.1000561244,-0.0194077042
SENSOR,9,4.3557535542,-2.2213995253
SENSOR,5,3.092184017,-0.3034953316
SENSOR,6,0.3756257197,-1.9504218482
ODOMETRY,-0.0093000756,0.1000324113,-0.0197382195
SENSOR,9,4.637881439,-2.2140331386
SENSOR,5,3.0692706856,-0.1513452881
SENSOR,6,0.4418079384,-2.1595080379
ODOMETRY,-0.0096462642,0.0999997189,-0.0211624311
SENSOR,9,4.7155665832,-2.2312360661
SENSOR,5,2.8280858125,-0.1465050009
SENSOR,6,0.4903059031,-2.2365808133
ODOMETRY,-0.009233191,0.0999653681,-0.0201333109
SENSOR,9,4.9420339521,-2.2167330006
SENSOR,5,2.7417461745,-0.1780269786
SENSOR,6,0.4541818863,-2.3485514492
ODOMETRY,-0.0097293677,0.0998064649,-0.020593777
SENSOR,9,4.8431568447,-2.1861580132
SENSOR,5,2.6596748774,-0.1519191867
SENSOR,6,0.5656078335,-2.3914712265
ODOMETRY,-0.0094389664,0.0999961046,-0.0214993166
SENSOR,9,4.764780737,-2.1979690322
SENSOR,5,2.476749894,-0.1886136809
SENSOR,6,0.6422651306,-2.4935209634
ODOMETRY,-0.0104056121,0.0998311055,-0.0190766375
SENSOR,9,4.9316435708,-2.1385436529
SENSOR,5,2.3781865666,-0.1006069818
SENSOR,6,0.79587481,-2.5399353228
ODOMETRY,-0.0098936311,0.0999058282,-0.0210631628
SENSOR,9,5.0251363569,-2.1972784809
SENSOR,5,2.2614689338,-0.1083645022
SENSOR,6,0.9569197861,-2.6168343928
ODOMETRY,-0.010262347,0.0998092517,-0.0195739541
SENSOR,9,4.9333308721,-2.0773850112
SENSOR,5,2.371406524,-0.0514771069
SENSOR,6,0.819293749,-2.6002503705
ODOMETRY,-0.0100765501,0.100074307,-0.019879873
SENSOR,5,2.2180540316,-0.1548275191
SENSOR,6,1.0888418098,-2.6334447731
ODOMETRY,-0.0094976123,0.0999196015,-0.0198588297
SENSOR,5,2.0639901692,-0.0467191143
SENSOR,6,1.0939494159,-2.6837302279
ODOMETRY,-0.0101244138,0.0998320253,-0.0193692969
SENSOR,5,1.8708693392,-0.0053721923
SENSOR,6,1.239461077,-2.6938188292
ODOMETRY,-0.0103713505,0.1000257817,-0.0191030811
SENSOR,4,4.92632037,-0.2785129917
SENSOR,5,2.0112524722,0.106085277
SENSOR,6,1.4784017089,-2.57720498
ODOMETRY,-0.0102842191,0.1000463807,-0.0206623283
SENSOR,4,4.8074679026,-0.2707672041
SENSOR,5,1.7382685042,0.0962762807
SENSOR,6,1.4361106245,-2.6984778429
ODOMETRY,-0.0001338159,0.0999815,0.0003012185
SENSOR,4,4.6546289011,-0.320057148
SENSOR,5,1.6555636328,0.0834468475
SENSOR,6,1.5389376497,-2.747399839
ODOMETRY,0.0001747825,0.1000616435,-0.0003723577
SENSOR,4,4.7452246795,-0.1533621501
SENSOR,5,1.6304356167,0.1108310946
SENSOR,6,1.5578493366,-2.7851937817
ODOMETRY,-0.00037288,0.0999952265,-0.0009025392
SENSOR,4,4.3655864012,-0.2383315126
SENSOR,5,1.5295262512,0.1051061163
SENSOR,6,1.6008633999,-2.7065108359
SENSOR,7,5.0721498311,-1.3275651658
ODOMETRY,6.49323692067E-05,0.0999028216,-7.26364757458E-05
SENSOR,4,4.3652607873,-0.1885690732
SENSOR,5,1.4538999045,0.0559450108
SENSOR,6,1.8811933236,-2.7170876948
SENSOR,7,4.8090428283,-1.3705713477
ODOMETRY,0.0006897293,0.1000103368,-0.0007843118
SENSOR,4,4.4036643687,-0.2075380506
SENSOR,5,1.163907948,0.1055748106
SENSOR,6,1.9150016592,-2.7580808342
SENSOR,7,4.9884912453,-1.3875082617
ODOMETRY,-0.0003955944,0.0998844101,0.0002477506
SENSOR,4,4.2537374038,-0.2871042913
SENSOR,5,1.1449877925,0.1381579624
SENSOR,6,2.0826244551,-2.8413413179
SENSOR,7,4.744732472,-1.3467554375
ODOMETRY,0.000304045,0.1001241899,0.0003709843
SENSOR,4,4.2434551453,-0.2593878564
SENSOR,5,1.2868770291,0.0563131686
SENSOR,6,1.9905492741,-2.7960613633
SENSOR,7,5.0646161279,-1.3902567847
ODOMETRY,0.0001353531,0.0998710456,-0.00068893
SENSOR,4,4.0688502422,-0.3100242202
SENSOR,5,0.780524492,0.1718654842
SENSOR,6,2.1474371754,-2.8239715433
SENSOR,7,5.0431723765,-1.4617256964
ODOMETRY,0.0005501294,0.0999595532,0.0008993212
SENSOR,4,4.0259807567,-0.2321171748
SENSOR,5,1.0066869566,0.2589350692
SENSOR,6,2.0995372344,-2.8898150801
SENSOR,7,4.9261613562,-1.3484158858
ODOMETRY,0.0001133385,0.0998874543,-0.0001424568
SENSOR,4,3.9785977118,-0.257296829
SENSOR,5,0.8264423908,0.1973201446
SENSOR,6,2.3864536316,-2.9052024544
SENSOR,7,4.9313745409,-1.5726538326
ODOMETRY,5.78394246211E-05,0.1001251351,0.0002400236
SENSOR,4,3.7006011318,-0.2324963186
SENSOR,5,0.9162970717,0.2308085062
SENSOR,6,2.4706304355,-2.8583283399
SENSOR,7,4.7738814472,-1.450441879
ODOMETRY,-0.0003033222,0.1002034636,-0.0010341471
SENSOR,4,3.671210517,-0.3592635586
SENSOR,5,0.717528271,0.1830595555
SENSOR,6,2.5231512541,-2.9287902708
SENSOR,7,4.9376365035,-1.5366821593
ODOMETRY,0.0006716355,0.0999064631,-0.0004917492
SENSOR,4,3.5410088395,-0.2202131883
SENSOR,5,0.4522414937,0.3163026685
SENSOR,6,2.6778849094,-2.9051662587
SENSOR,7,4.915768843,-1.5585344045
ODOMETRY,-0.0001063639,0.100131215,-0.0007763318
SENSOR,4,3.4188501307,-0.3468752932
SENSOR,5,0.3744766545,0.422673685
SENSOR,6,2.7899541138,-2.8369172495
SENSOR,7,4.807806722,-1.5312820575
ODOMETRY,0.000316953,0.0999462126,-0.0001787641
SENSOR,4,3.3794891676,-0.2860284465
SENSOR,5,0.2566515951,0.4777826326
SENSOR,6,2.9052836035,-2.8941650045
SENSOR,7,4.9353943589,-1.5254777246
ODOMETRY,-0.000020794,0.1001221023,-0.0001950611
SENSOR,4,3.38872128,-0.3143700659
SENSOR,5,0.3325320741,0.6084934591
SENSOR,6,2.7538728862,-2.9615538241
SENSOR,7,4.8906313483,-1.5161681243
ODOMETRY,-0.0004955082,0.1000756011,0.0001371623
SENSOR,4,3.1992772074,-0.3162813356
SENSOR,5,0.1296531187,0.9581035497
SENSOR,6,3.0098902995,-2.936136645
SENSOR,7,4.7335669516,-1.6197762402
ODOMETRY,0.0007246345,0.1000393245,0.0002165781
SENSOR,4,3.1048868096,-0.2873485338
SENSOR,5,0.0645474581,1.5615895684
SENSOR,6,3.2354058015,-2.9093879251
SENSOR,7,4.6779949954,-1.6523518056
ODOMETRY,-0.0001811568,0.0999315219,0.0008761233
SENSOR,4,3.0095477706,-0.3207360304
SENSOR,5,0.2059076756,2.2197506668
SENSOR,6,3.1832639375,-2.8516874551
SENSOR,7,4.6983877592,-1.6804676666
ODOMETRY,0.0001717109,0.1000186576,0.0001939771
SENSOR,4,2.9656127776,-0.3121623735
SENSOR,5,0.2988208809,2.4746865986
SENSOR,6,3.2650913759,-2.9648554125
SENSOR,7,5.063631056,-1.6487264366
ODOMETRY,-0.0006842515,0.1001506456,0.0001184001
SENSOR,4,2.8613705977,-0.3384517651
SENSOR,5,0.2272122861,2.7302973956
SENSOR,6,3.3348959266,-2.9216020318
SENSOR,7,4.8846947815,-1.6426989972
ODOMETRY,0.0006973486,0.1000059228,-6.22159258951E-05
SENSOR,4,2.73495458,-0.4344199012
SENSOR,5,0.2003472451,2.8651778319
SENSOR,6,3.4736607134,-2.9758999319
SENSOR,7,4.8763619478,-1.6872886036
ODOMETRY,1.85283967375E-05,0.0999730467,0.0002869138
SENSOR,4,2.8178482084,-0.4051635809
SENSOR,5,0.4780668518,2.8451874821
SENSOR,6,3.6427278033,-2.9856740059
SENSOR,7,4.8812399593,-1.7367526369
ODOMETRY,0.0002926394,0.099987579,-0.0004188108
SENSOR,4,2.3123320354,-0.3860642486
SENSOR,5,0.6396836622,2.9336999346
SENSOR,6,3.9099177311,-2.9015356453
SENSOR,7,5.0638149617,-1.7562655357
ODOMETRY,0.0010527909,0.0998973585,0.000466241
SENSOR,4,2.4538316596,-0.3394706072
SENSOR,5,0.7721263133,2.9226018633
SENSOR,6,3.8239219227,-2.9150929181
SENSOR,7,5.0833142675,-1.7112699593
ODOMETRY,0.0007828766,0.1000923106,0.0001869014
SENSOR,4,2.3364016076,-0.4359849694
SENSOR,5,0.9078495038,2.9913268538
SENSOR,6,3.8623278332,-2.9485580873
SENSOR,7,4.869746901,-1.8246212121
ODOMETRY,-3.67278081275E-05,0.1001252045,-0.0003012918
SENSOR,4,2.2643154223,-0.4402756149
SENSOR,5,0.9229360737,2.9834453966
SENSOR,6,4.0523106872,-2.9372714312
SENSOR,7,4.9946518065,-1.7890560718
ODOMETRY,0.000102118,0.0998965996,0.0009267384
SENSOR,4,2.1503129377,-0.4836653383
SENSOR,5,0.9817664124,2.9949279122
SENSOR,6,4.2280458593,-3.0052144664
ODOMETRY,-0.0002603393,0.0999612169,-0.0002147617
SENSOR,8,5.1296827979,-1.3985237631
SENSOR,4,2.2068366355,-0.5536640015
SENSOR,5,1.054490872,3.0186925996
SENSOR,6,4.101442833,-3.0051006059
ODOMETRY,0.0003102324,0.1000473434,0.0001388138
SENSOR,8,5.2321980007,-1.5669441956
SENSOR,4,1.8854597358,-0.5293546599
SENSOR,5,1.4085487456,3.0348496396
SENSOR,6,4.2973643736,-2.8817269732
ODOMETRY,-0.0007259342,0.1000221752,0.0007259746
SENSOR,8,4.9819951149,-1.5339514564
SENSOR,4,1.8798317045,-0.5468316596
SENSOR,5,1.4383419331,3.0760748651
SENSOR,6,4.54494577,-2.993890594
ODOMETRY,0.0002254503,0.0997694811,-5.61008316058E-05
SENSOR,8,5.0524239072,-1.4354882495
SENSOR,4,1.8490007802,-0.5280679313
SENSOR,5,1.3760909662,2.9865559793
SENSOR,6,4.4912863295,-2.980443534
ODOMETRY,0.0001011981,0.0999981236,-4.7209298307E-05
SENSOR,8,5.0702175521,-1.4870792562
SENSOR,4,1.8666253594,-0.5702960996
SENSOR,5,1.5868425273,3.0785858651
SENSOR,6,4.6836474081,-3.0604516524
ODOMETRY,-0.0005744666,0.0998742088,-0.0008784343
SENSOR,8,5.056410025,-1.5373074699
SENSOR,4,1.749239573,-0.685872633
SENSOR,5,1.6020745012,3.103005198
SENSOR,6,4.6381422723,-2.953338047
ODOMETRY,0.0013516283,0.0999408526,-0.0005544275
SENSOR,8,4.940277223,-1.468798667
SENSOR,4,1.4474163679,-0.7654173098
SENSOR,5,1.6616386264,3.0706846628
SENSOR,6,4.827966751,-2.9870251502
ODOMETRY,0.0004349109,0.099944624,-0.000263684
SENSOR,8,5.1018135252,-1.5994090191
SENSOR,4,1.5153082032,-0.7145552169
SENSOR,5,1.789315443,3.0431558135
SENSOR,6,4.9785417033,-2.9664894332
ODOMETRY,0.000616831,0.099826693,0.0009644869
SENSOR,8,4.9435138809,-1.6324956691
SENSOR,4,1.4850366256,-0.7645758198
SENSOR,5,1.917207216,3.0140713497
ODOMETRY,-7.47834754553E-05,0.1000515295,-0.0001352538
SENSOR,8,5.1563885358,-1.632177104
SENSOR,4,1.3872793233,-0.8567908006
SENSOR,5,2.0883768223,3.0035888576
ODOMETRY,-0.0001096146,0.1000764584,-0.0003764932
SENSOR,8,5.0339595751,-1.5902745251
SENSOR,4,1.2453139681,-0.9248003559
SENSOR,5,2.0772623171,3.1384888133
ODOMETRY,0.000327578,0.0999265942,0.000073572
SENSOR,8,4.9100686394,-1.7189200809
SENSOR,4,1.2176596393,-0.9141061586
SENSOR,5,2.2779633102,3.0992188108
ODOMETRY,0.0004489566,0.1001465935,-0.0002678743
SENSOR,4,1.1872964099,-1.0328198921
SENSOR,5,2.4055393237,3.0626089859
ODOMETRY,0.0003643339,0.1000424123,0.000112617
SENSOR,4,0.9624878789,-1.0386740214
SENSOR,5,2.2855515035,3.0617101354
ODOMETRY,0.0003680663,0.1000223666,0.0002392921
SENSOR,4,1.0788051347,-1.1156291755
SENSOR,5,2.5937243937,3.0720437141
ODOMETRY,0.0001343101,0.0999762934,0.0009104063
SENSOR,4,1.0481524425,-1.2123391874
SENSOR,5,2.5425049613,3.1202678063
ODOMETRY,0.000106554,0.1000790557,0.0002725814
SENSOR,4,0.9756231333,-1.4015566816
SENSOR,5,2.9534804384,3.0268115442
ODOMETRY,8.90313358973E-06,0.0998439665,-0.0001994439
SENSOR,4,1.0222004424,-1.470740023
SENSOR,5,2.79028519,3.1529719566
ODOMETRY,-0.0002096962,0.1000599959,-0.000481056
SENSOR,4,1.0744601366,-1.4948964109
SENSOR,5,2.9934440269,3.1270401214
ODOMETRY,-8.62193789539E-06,0.100205536,0.0004685195
SENSOR,4,0.9368844407,-1.6059187288
SENSOR,5,3.0990858013,3.0904920672
ODOMETRY,-0.0002283901,0.1000389161,0.0004056118
SENSOR,4,1.0246288798,-1.7278930466
SENSOR,5,3.1592777643,3.0743213698
ODOMETRY,0.0001574936,0.1001517292,-0.0006306604
SENSOR,4,1.0080778321,-1.8447022964
SENSOR,5,3.2672761932,3.0320266257
ODOMETRY,0.0004153663,0.0994071563,-0.2026700931
SENSOR,4,1.1533541317,-1.7448604418
SENSOR,5,3.2757330587,-3.0230322356
ODOMETRY,-0.0003843407,0.1002845722,-0.1993805426
SENSOR,4,0.9124933978,-1.5820588444
SENSOR,5,3.4548961215,-2.7638373717
ODOMETRY,-0.0006260216,0.0997842541,-0.1999865335
SENSOR,4,1.1124133334,-1.598152073
SENSOR,5,3.4795230413,-2.6885816661
ODOMETRY,-0.0002706433,0.0996069283,-0.2001857818
SENSOR,4,1.0953244736,-1.3986284226
SENSOR,5,3.4374322713,-2.547455043
ODOMETRY,0.0005034577,0.1003290854,-0.2015037013
SENSOR,4,1.208445789,-1.2306499318
SENSOR,5,3.5820307977,-2.182908978
ODOMETRY,-0.0003909546,0.1002451446,-0.2006114116
SENSOR,4,0.96419253,-1.1181128527
SENSOR,5,3.6449491713,-1.9819490995
ODOMETRY,-0.0004436952,0.09975469,-0.1997422261
SENSOR,4,0.9926058269,-1.0495352347
SENSOR,5,3.7135368833,-1.854343313
ODOMETRY,0.0002074105,0.1003159153,-0.201497363
SENSOR,8,4.9911168032,-0.422967287
SENSOR,4,0.9593369907,-0.8218516209
SENSOR,5,3.7294466362,-1.6875220333
ODOMETRY,8.44508955799E-05,0.1000545451,-0.0509903402
SENSOR,8,5.1730139991,-0.3499878143
SENSOR,4,0.931930357,-0.9901612298
SENSOR,5,3.7755209689,-1.7495640931
ODOMETRY,-0.0001324528,0.1000496659,0.0005561418
SENSOR,8,4.7109970665,-0.399904787
SENSOR,4,0.7939154923,-1.0446789724
SENSOR,5,3.9013197055,-1.7539107557
ODOMETRY,0.0001970788,0.1001348281,-0.0002659576
SENSOR,8,4.690554078,-0.3122004145
SENSOR,4,0.7119843354,-1.1973696367
SENSOR,5,3.8915004423,-1.7367871283
ODOMETRY,0.0009328642,0.0998661869,0.0001489732
SENSOR,8,4.4577382067,-0.4020816424
SENSOR,4,0.8180780808,-1.2587201564
SENSOR,5,4.0191326346,-1.7408805487
ODOMETRY,0.0004551942,0.1001000232,8.82878508794E-05
SENSOR,8,4.5149261629,-0.3544371776
SENSOR,4,0.7574245576,-1.4462819878
SENSOR,5,3.8926038799,-1.6942261925
ODOMETRY,0.0003306223,0.10011709,-0.0004043533
SENSOR,8,4.4547054047,-0.3396371393
SENSOR,4,0.7501525132,-1.5690396425
SENSOR,5,3.8458384564,-1.8041062084
ODOMETRY,-0.0001168787,0.100100106,-0.0001089734
SENSOR,8,4.2562430741,-0.4136957018
SENSOR,4,0.7380275627,-1.5992765894
SENSOR,5,3.9374830534,-1.8887120455
ODOMETRY,-5.1224046825E-06,0.0999194565,0.0002078578
SENSOR,8,4.2698265329,-0.379751077
SENSOR,4,0.7071630066,-1.7857236549
SENSOR,5,4.0071881188,-1.8083514928
ODOMETRY,-0.0003245094,0.0999776945,-0.0004907325
SENSOR,8,4.1945627653,-0.4524160971
SENSOR,4,0.8914421032,-1.9634477693
SENSOR,5,4.3731258676,-1.9235125716
ODOMETRY,0.0002894724,0.1001404427,-1.8780352502E-05
SENSOR,8,4.0484794882,-0.4863577017
SENSOR,4,0.8262737187,-2.1103615684
SENSOR,5,4.0607280779,-1.924325246
ODOMETRY,-0.0005439089,0.100070511,3.20849295652E-05
SENSOR,8,3.8652417676,-0.4855061149
SENSOR,4,0.8258779057,-2.1637362199
SENSOR,5,3.9381013951,-1.9300663065
ODOMETRY,0.000659471,0.1000092551,0.0004981473
SENSOR,8,3.8872249112,-0.4691399006
SENSOR,4,0.9031087519,-2.2542272978
SENSOR,5,4.192184162,-1.9063684109
ODOMETRY,3.70117017228E-05,0.0999984711,-0.0005639763
SENSOR,8,3.7538999293,-0.4080662421
SENSOR,4,1.0812755121,-2.2610838123
SENSOR,5,4.1515743761,-2.0675697055
ODOMETRY,0.0002774704,0.0999992098,-0.0004491358
SENSOR,8,3.7854397661,-0.5714510643
SENSOR,4,1.1298605025,-2.3672578749
SENSOR,5,4.1619481831,-2.0643126447
SENSOR,7,4.9229283041,-0.8312442788
ODOMETRY,0.00058894,0.0999981838,-0.0005751464
SENSOR,8,3.4443787293,-0.5498810454
SENSOR,4,1.1991046405,-2.4106622006
SENSOR,5,4.2467497767,-2.0464050036
SENSOR,7,4.9692189406,-0.8279796166
ODOMETRY,-0.0003611234,0.1000122352,0.0007691758
SENSOR,8,3.3974918968,-0.4833300188
SENSOR,4,1.10182687,-2.4103788058
SENSOR,5,4.344561657,-2.0265612865
SENSOR,7,4.9627931891,-0.8793107695
ODOMETRY,0.0001925175,0.1001612853,-0.0001506364
SENSOR,8,3.4077624952,-0.5589381215
SENSOR,4,1.4604737465,-2.5062005675
SENSOR,5,4.2306402589,-2.0271234834
SENSOR,7,4.8186222941,-0.9068003011
ODOMETRY,0.0007512067,0.0998206992,0.0001151945
SENSOR,8,3.3068138222,-0.5890656336
SENSOR,4,1.4220985636,-2.6371454684
SENSOR,5,4.1757260648,-2.0237016915
SENSOR,7,4.8921176415,-0.8854082506
ODOMETRY,0.0006018868,0.1000103521,0.0003412791
SENSOR,8,3.2141503355,-0.5052264757
SENSOR,4,1.6050506902,-2.5973423988
SENSOR,5,4.4855096183,-2.0504974861
SENSOR,7,4.6409708118,-0.9822147235
ODOMETRY,-0.0003156813,0.0999936277,0.0004430221
SENSOR,8,3.1430847432,-0.5513286919
SENSOR,4,1.4669481536,-2.6881166178
SENSOR,5,4.4476438659,-2.0572877823
SENSOR,7,4.6928420686,-1.0210320801
ODOMETRY,-0.0003657673,0.100014132,0.0005297646
SENSOR,8,3.1071273455,-0.621344078
SENSOR,4,1.560603496,-2.5820085299
SENSOR,5,4.447352156,-2.2014874892
SENSOR,7,4.6646157477,-0.9284720994
ODOMETRY,0.0011734344,0.1000787627,0.0001602654
SENSOR,8,3.0253875496,-0.5767958123
SENSOR,4,1.6522603403,-2.6489116952
SENSOR,5,4.6389326719,-2.0982330363
SENSOR,7,4.4085480756,-1.1654784211
ODOMETRY,-5.64479149755E-05,0.1000975265,0.0001638186
SENSOR,8,2.8534971074,-0.6958152558
SENSOR,4,1.8376347791,-2.6878691617
SENSOR,5,4.4524718438,-2.123121611
SENSOR,7,4.3426621355,-0.9582953273
ODOMETRY,0.0002458647,0.0998876482,0.0007746362
SENSOR,8,2.7617739594,-0.6942426123
SENSOR,4,2.0591609036,-2.6726755417
SENSOR,5,4.5047586113,-2.220319743
SENSOR,7,4.4313336812,-1.036409403
ODOMETRY,0.0012057027,0.100026216,0.000133251
SENSOR,8,2.7346443287,-0.6634081566
SENSOR,4,2.0380806907,-2.7703511468
SENSOR,5,4.6766374039,-2.194555565
SENSOR,7,4.4089125516,-1.1157655086
ODOMETRY,0.0003139964,0.0999503498,-0.0006524489
SENSOR,8,2.7716608209,-0.6726197988
SENSOR,4,2.0596168406,-2.7993205058
SENSOR,5,4.8151409549,-2.1941266057
SENSOR,7,4.2755705892,-1.0398611771
ODOMETRY,0.0002193151,0.100131471,0.0001354271
SENSOR,8,2.4945991057,-0.6898973495
SENSOR,1,4.9784700165,0.0114194925
SENSOR,4,2.2484154193,-2.708366169
SENSOR,5,4.7256151671,-2.2607409658
SENSOR,7,4.3162989766,-1.041300695
ODOMETRY,0.0001566486,0.0999242765,0.0009984197
SENSOR,8,2.5544829131,-0.6828499802
SENSOR,1,4.9182783206,0.0571298083
SENSOR,4,2.1785299757,-2.7778189566
SENSOR,5,4.9500377965,-2.2155888789
SENSOR,7,4.0215335631,-1.0346019002
ODOMETRY,0.0003254917,0.1000566534,0.0009629235
SENSOR,8,2.3069462889,-0.7024807827
SENSOR,1,4.7052630895,0.1062043551
SENSOR,4,2.2673192053,-2.8278977353
SENSOR,5,4.8812098368,-2.3558353929
SENSOR,7,3.9570717829,-1.069005628
ODOMETRY,0.0002450338,0.0998983576,-0.0011623307
SENSOR,8,2.3013245239,-0.7951536859
SENSOR,1,4.4763952329,0.0727025668
SENSOR,4,2.3974554314,-2.8348781804
SENSOR,7,4.2826787908,-1.1626226162
ODOMETRY,2.48476577409E-05,0.0998455139,-0.0001043796
SENSOR,8,2.4204985178,-0.8564755162
SENSOR,1,4.4566285447,0.0194536437
SENSOR,4,2.5636484121,-2.8319645601
SENSOR,7,4.0165159585,-1.1646700529
ODOMETRY,-0.0001779163,0.1000094554,-0.0002477943
SENSOR,8,2.2314059837,-0.8417453675
SENSOR,1,4.6208663686,0.0902664142
SENSOR,4,2.5433912185,-2.7771498811
SENSOR,7,4.0834356501,-1.1607008207
ODOMETRY,-0.0004218848,0.1000884957,-5.12744732943E-05
SENSOR,8,2.0222243952,-0.9399355383
SENSOR,1,4.2428124045,0.0040915005
SENSOR,4,2.7767666212,-2.8815844619
SENSOR,7,3.8954182123,-1.1519494789
ODOMETRY,-0.0002821782,0.0999207228,0.000369996
SENSOR,8,2.0451183859,-0.9966077343
SENSOR,1,4.3623392579,0.0513945695
SENSOR,4,2.9694999386,-2.808776291
SENSOR,7,3.8828064895,-1.1434699611
ODOMETRY,0.0005197779,0.1001566337,-0.0001434345
SENSOR,8,1.9611732693,-0.9253588999
SENSOR,1,4.2110959122,0.0325158175
SENSOR,4,2.9762908373,-2.8655236356
SENSOR,7,3.8155354611,-1.1795180068
ODOMETRY,-0.0003297793,0.0999403866,0.000119518
SENSOR,8,1.9268698215,-1.0511265299
SENSOR,1,4.0531475966,0.1342205699
SENSOR,4,3.160769502,-2.8083913147
SENSOR,7,4.0124836069,-1.3403365325
ODOMETRY,0.0011358716,0.0999791867,-0.0001926771
SENSOR,8,2.0268065417,-1.0147164316
SENSOR,1,4.0239873952,0.0401269526
SENSOR,4,3.2206293899,-2.860941951
SENSOR,7,3.6674796018,-1.2822937631
ODOMETRY,-0.0001000007,0.1000696268,-0.0012106779
SENSOR,8,1.6777288835,-1.1096823804
SENSOR,1,4.0177387687,0.1426418802
SENSOR,4,3.268029567,-2.9439255513
SENSOR,7,3.9224189402,-1.3208103285
ODOMETRY,0.0017449724,0.0999033346,-0.0005593514
SENSOR,8,1.7641322389,-1.2176416179
SENSOR,1,3.8794206865,0.0826268715
SENSOR,4,3.3901192516,-2.9003244891
SENSOR,7,3.997624537,-1.3701473876
ODOMETRY,0.0007715128,0.1000891023,-0.0003441968
SENSOR,8,1.8128015002,-1.1722610566
SENSOR,1,3.5978491292,0.1392402593
SENSOR,4,3.2449519065,-2.8579794201
SENSOR,7,3.7109019138,-1.3812859578
ODOMETRY,3.75930771858E-05,0.0998757503,-0.1998555843
SENSOR,8,1.8325468449,-1.0487551192
SENSOR,1,3.5206701061,0.2971040285
SENSOR,4,3.4743556946,-2.7337321319
SENSOR,7,3.7329366392,-1.2673376771
ODOMETRY,0.0005767034,0.1001221474,-0.2020251341
SENSOR,8,1.7562238863,-0.8832485526
SENSOR,1,3.3955773511,0.6147622029
SENSOR,4,3.5703149376,-2.451048202
SENSOR,7,3.6835292586,-1.0461466827
ODOMETRY,0.0016830603,0.0997786141,-0.2040900779
SENSOR,8,1.691477583,-0.7525074084
SENSOR,1,3.2954225913,0.8022590462
SENSOR,4,3.5631953091,-2.3137536774
SENSOR,7,3.6663178421,-0.7695619013
ODOMETRY,-0.0003496888,0.100241617,-0.2006889832
SENSOR,8,1.7064178461,-0.5149526518
SENSOR,1,3.0873754035,0.9772055955
SENSOR,4,3.8540893575,-2.1723214956
SENSOR,7,3.4924022566,-0.7046213279
ODOMETRY,-0.0007537458,0.1004963452,-0.2012915599
SENSOR,8,1.6037992347,-0.4076421158
SENSOR,1,3.0307425841,1.1724521746
SENSOR,4,3.9608652732,-1.9181336409
SENSOR,7,3.4934372942,-0.4046783874
ODOMETRY,6.35043601943E-05,0.0997901605,-0.1986438275
SENSOR,8,1.3939215765,-0.2524647177
SENSOR,1,3.1460427784,1.4050900395
SENSOR,4,3.8472094339,-1.828548174
SENSOR,7,3.4595484966,-0.2990856144
ODOMETRY,0.0008271451,0.1004648404,-0.1977510916
SENSOR,8,1.4232675314,-0.0682389591
SENSOR,1,3.2416739336,1.6056403342
SENSOR,4,3.9146797548,-1.6717433552
SENSOR,7,3.2956541894,-0.0641056701
ODOMETRY,-5.16772437211E-05,0.1000331104,-0.1512786889
SENSOR,8,1.3041794896,0.1358094896
SENSOR,1,3.2524054396,1.8148762065
SENSOR,4,3.8422143618,-1.4455830726
SENSOR,7,3.3384956126,0.0088088108
ODOMETRY,-2.54159132878E-05,0.0995942837,0.0003743409
SENSOR,8,1.1008777441,0.0208501606
SENSOR,1,3.1161826193,1.785763123
SENSOR,4,3.9289337324,-1.613805635
SENSOR,7,3.004965109,-0.0246990783
ODOMETRY,-0.0009868153,0.0999664842,0.0003878528
SENSOR,8,0.9590823481,0.0747707206
SENSOR,1,3.2377416706,1.8991819973
SENSOR,4,4.0513286004,-1.6066527774
SENSOR,7,3.1251552856,0.1113153864
ODOMETRY,-5.55268753513E-05,0.1000544618,0.0003486859
SENSOR,8,1.0726305889,0.0626592588
SENSOR,1,3.2767123249,1.8260601564
SENSOR,4,3.8425844549,-1.6309515856
SENSOR,7,3.1313210887,-0.0879822632
ODOMETRY,0.0009136806,0.1001546702,1.5914513867E-05
SENSOR,8,0.8004954284,0.03268606
SENSOR,1,3.3388803424,1.9238311946
SENSOR,4,4.000332997,-1.6083705585
SENSOR,7,3.0366872596,0.0218520568
ODOMETRY,-0.0002551229,0.0999152038,0.0004330122
SENSOR,8,0.7635038568,0.159451553
SENSOR,1,3.3918103535,1.9494634583
SENSOR,4,3.8509955906,-1.6018243121
SENSOR,7,2.8071361481,0.0129818192
ODOMETRY,0.0002216016,0.1000785713,5.47032975432E-05
SENSOR,8,0.6142429184,0.0880436893
SENSOR,1,3.3063836316,2.0443532793
SENSOR,4,3.9746961703,-1.726822548
SENSOR,7,2.5711690535,0.0582569984
ODOMETRY,0.0006018816,0.100066717,9.38747940094E-05
SENSOR,8,0.5714126832,0.1770472862
SENSOR,1,3.4759453298,2.0951416852
SENSOR,4,4.0668961251,-1.6470329242
SENSOR,7,2.6131493609,0.0316828787
ODOMETRY,-5.0017908051E-05,0.1000862951,-0.0002603643
SENSOR,8,0.4150606208,0.1398828324
SENSOR,1,3.4129182238,2.0746645069
SENSOR,4,4.1697213742,-1.6814417222
SENSOR,7,2.3591196694,0.0453540359
ODOMETRY,-0.0002487801,0.1000745544,-7.66535297534E-05
SENSOR,8,0.2665599688,0.2936073678
SENSOR,1,3.4985205796,2.0546779446
SENSOR,4,3.8811735083,-1.7723243647
SENSOR,7,2.311640106,0.0216679396
ODOMETRY,0.0003016801,0.0999627518,0.0003664379
SENSOR,8,0.3075254941,0.3149689062
SENSOR,1,3.5866527606,2.0891730163
SENSOR,4,4.2230635464,-1.7405560242
SENSOR,7,2.413839097,0.0309030034
ODOMETRY,-0.0008231226,0.1000255615,0.0003784711
SENSOR,8,0.2233003946,0.4144380253
SENSOR,1,3.4993909028,2.1708275744
SENSOR,4,4.035120067,-1.7532731948
SENSOR,7,2.1641470013,0.0161385766
ODOMETRY,6.72432500028E-05,0.0999477743,-0.0002121917
SENSOR,8,0.0069751523,1.0850389257
SENSOR,1,3.7136648787,2.118636338
SENSOR,4,3.9370384069,-1.8816907944
SENSOR,7,1.9319137544,-0.0373858945
ODOMETRY,2.87835179297E-05,0.0999596577,-0.0008159901
SENSOR,8,0.0475057009,2.2052697634
SENSOR,1,3.7940719149,2.2463075123
SENSOR,4,4.0323207883,-1.7804800317
SENSOR,7,2.1446388979,-0.047976335
ODOMETRY,-0.0003813563,0.1000331012,-0.000250962
SENSOR,8,0.2351904323,2.6985657357
SENSOR,1,3.7114287658,2.2382207942
SENSOR,3,4.8456499828,0.6164988633
SENSOR,4,3.9971855363,-1.7943118912
SENSOR,7,1.8860861071,-0.0046989794
ODOMETRY,0.0002764311,0.1000895163,0.0009495607
SENSOR,8,0.2481172595,2.8333451195
SENSOR,1,3.8594008701,2.3563066553
SENSOR,3,4.7733332608,0.5792386086
SENSOR,4,3.889801139,-1.8126743387
SENSOR,7,1.8720522378,0.0248450824
ODOMETRY,0.0006287595,0.0998895211,0.0003261685
SENSOR,8,0.1616697036,2.9105529903
SENSOR,1,3.8874400605,2.2125542966
SENSOR,3,4.7060783081,0.7008914365
SENSOR,4,4.0714100237,-1.8791554323
SENSOR,7,1.6256897227,0.0154165763
ODOMETRY,-2.1618142138E-05,0.1000919054,-0.0003845398
SENSOR,8,0.5734093733,2.9232719458
SENSOR,1,4.0257271068,2.3426814312
SENSOR,3,4.5533097469,0.7394693142
SENSOR,4,4.3436170058,-1.959399618
SENSOR,7,1.4762811962,0.1433695624
ODOMETRY,-0.0004634049,0.1000306591,-0.0006200139
SENSOR,8,0.6110407462,3.0329514507
SENSOR,1,3.9540811062,2.2086722467
SENSOR,3,4.465800496,0.6990830754
SENSOR,4,4.3311978985,-1.9272053826
SENSOR,7,1.5525979909,0.0994559732
ODOMETRY,9.43475163166E-05,0.0999564598,-0.0002183169
SENSOR,8,0.5787545354,2.9538792846
SENSOR,1,4.2292942403,2.2978244113
SENSOR,3,4.5034324962,0.7518299172
SENSOR,4,4.3131718152,-1.9957904102
SENSOR,7,1.5049160898,0.0543229934
ODOMETRY,1.28207846923E-07,0.099871667,0.0004427775
SENSOR,8,0.7548746132,3.0545192043
SENSOR,1,4.1540754772,2.3099424217
SENSOR,3,4.54378169,0.7771626698
SENSOR,4,4.444163699,-1.9756733969
SENSOR,7,1.0441737872,0.1053088919
ODOMETRY,-0.0002120624,0.0998784115,1.59841150731E-05
SENSOR,8,0.7131861701,3.1083316709
SENSOR,1,4.3853567788,2.3486154601
SENSOR,3,4.4073088218,0.7988673315
SENSOR,4,4.4443311036,-1.9760349866
SENSOR,7,1.0205187064,0.0034381751
ODOMETRY,-0.000327582,0.0997559022,-0.0001674442
SENSOR,8,0.9381645657,3.1273511496
SENSOR,1,4.2240346837,2.3367069941
SENSOR,3,4.2622476794,0.8468039258
SENSOR,4,4.2886393874,-1.9933541481
SENSOR,7,1.1650858202,0.037679814
ODOMETRY,-0.0004939132,0.099969531,0.0008140375
SENSOR,1,4.3989340356,2.3339072702
SENSOR,3,4.1086344789,0.8027448475
SENSOR,4,4.4186906984,-1.957241043
SENSOR,7,0.8780513025,0.1154748961
SENSOR,8,1.0709702363,3.0881131625
SENSOR,9,5.0153857488,-0.0387422962
ODOMETRY,0.0001854833,0.1000879803,-9.09396199257E-07
SENSOR,1,4.4118437726,2.4166795928
SENSOR,3,3.950762089,0.8345179179
SENSOR,4,4.5102243959,-2.0599435009
SENSOR,5,5.1513732868,-1.4005977655
SENSOR,7,0.8143698198,0.0652684794
SENSOR,8,1.0682669589,3.1402004181
SENSOR,9,4.8094672714,-0.0647567959
ODOMETRY,0.0001135586,0.0999857819,0.0002474451
SENSOR,1,4.4313210412,2.3633995494
SENSOR,3,3.9822498875,0.8368939768
SENSOR,4,4.5084971085,-2.0849650216
SENSOR,5,5.2057782723,-1.3070160523
SENSOR,7,0.7343760357,0.1165793261
SENSOR,8,1.2077645476,3.0061925147
SENSOR,9,4.8001473769,0.0993219635
ODOMETRY,-1.60143952437E-05,0.0998527742,-0.0001210507
SENSOR,1,4.4472790713,2.3808813871
SENSOR,3,4.026302988,0.8899216627
SENSOR,4,4.7441526485,-2.089221042
SENSOR,5,5.0801077196,-1.4479744358
SENSOR,7,0.6274173648,0.1392882217
SENSOR,8,1.3091724997,3.1567696622
SENSOR,9,4.6377530273,0.0710024612
ODOMETRY,-0.0002471078,0.1000254207,-6.89242521757E-05
SENSOR,1,4.5646782268,2.3615840081
SENSOR,3,3.8422363452,0.8604627104
SENSOR,4,4.483734881,-2.0342898942
SENSOR,5,5.1204683952,-1.516412242
SENSOR,7,0.4736220985,0.0905206658
SENSOR,8,1.4379412125,3.0092760885
SENSOR,9,4.4898450104,0.0342067026
ODOMETRY,-0.0002573929,0.1001012292,0.0004672493
SENSOR,1,4.5888709886,2.406597982
SENSOR,3,3.9440885768,0.8644275812
SENSOR,4,4.7230963427,-2.1985726453
SENSOR,5,5.04793702,-1.5204869768
SENSOR,7,0.3806293522,0.1650981478
SENSOR,8,1.5344670688,3.1080918536
SENSOR,9,4.5769456628,0.0345145465
ODOMETRY,5.91178134659E-05,0.0999950895,-0.0002577331
SENSOR,1,4.7985888028,2.3216155457
SENSOR,3,4.0514629368,0.9122002806
SENSOR,4,4.8234998302,-2.1868069224
SENSOR,5,5.1004286639,-1.6345973757
SENSOR,7,0.3240368555,0.2327334509
SENSOR,8,1.6918931726,3.1573820196
SENSOR,9,4.1809507906,0.010850126
ODOMETRY,0.0002889535,0.0999861044,0.000378111
SENSOR,1,4.8226878964,2.4737769855
SENSOR,3,3.8256620473,1.0343152269
SENSOR,4,4.6555221239,-2.2613132326
SENSOR,5,4.7455324689,-1.4880279111
SENSOR,7,0.3023944859,0.2744222647
SENSOR,8,1.6672653659,3.0484353009
SENSOR,9,4.3648321506,-0.0382558369
ODOMETRY,-0.0001734601,0.0999938184,1.79233171917E-05
SENSOR,1,4.9926127934,2.5474577971
SENSOR,3,3.6741573447,0.9534665022
SENSOR,4,4.8099746245,-2.3039970963
SENSOR,5,4.7478090191,-1.5446451674
SENSOR,7,0.1740038111,0.4825528009
SENSOR,8,1.8916564093,3.1379519363
SENSOR,9,4.1930389434,0.0776398459
ODOMETRY,0.0007042849,0.1001576301,0.0010660351
SENSOR,3,3.5108143321,0.9930672205
SENSOR,4,4.9251017442,-2.2180753844
SENSOR,5,4.9510308267,-1.5129770732
SENSOR,6,4.9171886012,-0.8629383899
SENSOR,7,-0.0350656413,0.9758872696
SENSOR,8,1.9006746552,3.1449456143
SENSOR,9,4.1715516724,0.0727897195
ODOMETRY,0.0007042849,0.1001576301,0.0010660351
